,NOME,DISTRITO,CONCELHO,FREGUESIA,BACIA,ALTITUDE (M),COORD_X (M),COORD_Y (M),SISTEMA AQUÍFERO,ESTADO,marker site,latitude,longitude,site_id
391,Salvador,PORTALEGRE,CAMPO MAIOR,SÃO JOÃO BAPTISTA,GUADIANA,190.0,299975.0,231625.0,A11 - ELVAS - CAMPO MAIOR,,34441,39.04669,-6.97828,387/4
392,,PORTALEGRE,CAMPO MAIOR,-,GUADIANA,233.0,297866.0,231805.0,A11 - ELVAS - CAMPO MAIOR,,2077786,39.04855,-7.00261,387/8
419,Pena Clara,PORTALEGRE,ELVAS,SÃO VICENTE E VENTOSA,GUADIANA,380.0,275550.0,220125.0,A5 - ELVAS - VILA BOIM,,34459,38.94556,-7.26165,399/12
420,,PORTALEGRE,ELVAS,SÃO VICENTE E VENTOSA,GUADIANA,382.35,275702.0,220199.0,A5 - ELVAS - VILA BOIM,,17288,38.94622,-7.25989,399/6
424,,PORTALEGRE,CAMPO MAIOR,NOSSA SENHORA DA EXPECTAÇÃO,GUADIANA,200.0,292075.0,221525.0,A11 - ELVAS - CAMPO MAIOR,,34563,38.95659,-7.07088,400/7
425,AC2 - Roças de Baixo,PORTALEGRE,CAMPO MAIOR,NOSSA SENHORA DA EXPECTAÇÃO,GUADIANA,205.0,298124.0,223968.0,A11 - ELVAS - CAMPO MAIOR,,74251,38.97794,-7.00075,401/36
466,Sto António,PORTALEGRE,ELVAS,SÃO BRÁS E SÃO LOURENÇO,GUADIANA,390.0,278800.0,215475.0,A5 - ELVAS - VILA BOIM,,34477,38.9034,-7.2247,413/123
467,TCN1 - Vila Boim,PORTALEGRE,ELVAS,VILA BOIM,GUADIANA,436.09,274879.0,210635.0,A5 - ELVAS - VILA BOIM,,34480,38.86015,-7.27042,413/54
468,Algaravenha,PORTALEGRE,ELVAS,SÃO BRÁS E SÃO LOURENÇO,GUADIANA,371.0,279180.0,212290.0,A5 - ELVAS - VILA BOIM,,34544,38.87468,-7.22068,413/78
469,,PORTALEGRE,ELVAS,CAIA E SÃO PEDRO,GUADIANA,233.0,285898.0,211457.0,A0 - MACIÇO ANTIGO INDIFERENCIADO,,2038746,38.86654,-7.14339,414/116
470,Elvas,PORTALEGRE,ELVAS,CAIA E SÃO PEDRO,GUADIANA,278.0,285375.0,212125.0,A5 - ELVAS - VILA BOIM,,17284,38.87261,-7.14933,414/45
471,Barrancas,PORTALEGRE,ELVAS,CAIA E SÃO PEDRO,GUADIANA,183.83,291251.0,217921.0,A5 - ELVAS - VILA BOIM,,34435,38.92422,-7.08086,414/67
472,Atalaia,PORTALEGRE,ELVAS,CAIA E SÃO PEDRO,GUADIANA,218.86,289052.0,217140.0,A11 - ELVAS - CAMPO MAIOR,,34482,38.91741,-7.10631,414/68
473,Campo,PORTALEGRE,ELVAS,AJUDA  SALVADOR E SANTO ILDEFONSO,GUADIANA,171.27,290020.0,210535.0,A11 - ELVAS - CAMPO MAIOR,,34437,38.85783,-7.09602,414/70
474,Caia,PORTALEGRE,ELVAS,CAIA E SÃO PEDRO,GUADIANA,174.64,293755.0,213712.0,A5 - ELVAS - VILA BOIM,,34439,38.88605,-7.05256,414/71
492,BARRO BRANCO,ÉVORA,BORBA,RIO DE MOINHOS,GUADIANA,464.0,257204.0,202186.0,A4 - ESTREMOZ - CANO,,34554,38.78537,-7.47474,426/302
494,SDH1-VILA VIÇOSA,ÉVORA,VILA VIÇOSA,VILA VIÇOSA (CONCEIÇÃO),GUADIANA,401.01,261350.0,202194.0,A4 - ESTREMOZ - CANO,,34449,38.78516,-7.42703,426/334
495,SDH2 - RIO DE MOÍNHOS,ÉVORA,BORBA,RIO DE MOINHOS,GUADIANA,392.35,257568.0,200705.0,A4 - ESTREMOZ - CANO,,34447,38.772,-7.47067,426/335
496,SDH4 - NORA,ÉVORA,BORBA,RIO DE MOINHOS,GUADIANA,418.0,254000.0,203100.0,A4 - ESTREMOZ - CANO,,34445,38.7938,-7.51154,426/337
498,Carrascal,ÉVORA,BORBA,BORBA (MATRIZ),GUADIANA,401.0,259625.0,204300.0,A4 - ESTREMOZ - CANO,,34550,38.80425,-7.4467,426/348
501,Monte Soares,ÉVORA,VILA VIÇOSA,CILADAS,GUADIANA,391.57,275390.0,207541.0,A5 - ELVAS - VILA BOIM,,60204,38.83223,-7.26487,427/24
502,Amada,PORTALEGRE,ELVAS,SÃO BRÁS E SÃO LOURENÇO,GUADIANA,290.0,281625.0,209625.0,A5 - ELVAS - VILA BOIM,,34537,38.85045,-7.19283,428/17
503,AC1 - Monte da Vinha,PORTALEGRE,ELVAS,AJUDA  SALVADOR E SANTO ILDEFONSO,GUADIANA,157.0,290984.0,207675.0,A11 - ELVAS - CAMPO MAIOR,,74252,38.83197,-7.08529,428/36
504,,PORTALEGRE,ELVAS,CAIA E SÃO PEDRO,GUADIANA,187.0,289082.0,208242.0,A5 - ELVAS - VILA BOIM,,2038782,38.83727,-7.10712,428/37
519,,ÉVORA,VILA VIÇOSA,PARDAIS,GUADIANA,290.0,265250.0,194250.0,A0 - MACIÇO ANTIGO INDIFERENCIADO,,60535,38.71333,-7.38289,441/10
551,Poço no Monte do Louseiro,ÉVORA,ÉVORA,NOSSA SENHORA DE MACHEDE,GUADIANA,240.0,228817.0,173336.0,A0 - MACIÇO ANTIGO INDIFERENCIADO,,2076336,38.52687,-7.80263,460/255
556,Poço Alamo-Cabida,ÉVORA,ÉVORA,TORRE DE COELHEIROS,GUADIANA,225.51,224936.0,162879.0,A0 - MACIÇO ANTIGO INDIFERENCIADO,,2076308,38.43279,-7.84751,471/81
557,Poço no Monte das Faias,ÉVORA,ÉVORA,SÃO MANÇOS,GUADIANA,200.0,231308.0,164721.0,A0 - MACIÇO ANTIGO INDIFERENCIADO,,2076322,38.44918,-7.77445,471/82
569,Poço no Monte dos Atafuis,BEJA,CUBA,CUBA,GUADIANA,170.77,220192.0,129997.0,A0 - MACIÇO ANTIGO INDIFERENCIADO,,2076182,38.13668,-7.90277,499/202
570,Poço no Monte do Moinho Branco,BEJA,VIDIGUEIRA,VIDIGUEIRA,GUADIANA,177.65,228766.0,136313.0,A0 - MACIÇO ANTIGO INDIFERENCIADO,,2076280,38.19335,-7.80472,499/203
571,Poço no Monte do Lisboa,BEJA,VIDIGUEIRA,SELMES,GUADIANA,160.66,228312.0,133906.0,A0 - MACIÇO ANTIGO INDIFERENCIADO,,2076294,38.17168,-7.81,499/204
572,Poço na Herdade Vale do Carvão,BEJA,MOURA,MOURA (SÃO JOÃO BAPTISTA),GUADIANA,115.82,255231.0,130900.0,A0 - MACIÇO ANTIGO INDIFERENCIADO,,2076448,38.14336,-7.50305,501/311
573,SD3 Bicas1,BEJA,MOURA,MOURA (SÃO JOÃO BAPTISTA),GUADIANA,186.87,259806.0,130956.0,A10 - MOURA - FICALHO,,34300,38.14357,-7.45086,501/63
574,SH SANTO ANTÓNIO 2,BEJA,MOURA,MOURA (SANTO AGOSTINHO),GUADIANA,158.36,260951.0,131274.0,A10 - MOURA - FICALHO,,17266,38.14636,-7.43777,501/65
583,Poço Monte das Caldeiras,BEJA,BEJA,NOSSA SENHORA DAS NEVES,GUADIANA,184.75,226772.0,121166.0,A0 - MACIÇO ANTIGO INDIFERENCIADO,,2076112,38.05695,-7.82805,510/65
584,Poço no Monte do Outeiro,BEJA,BEJA,SÃO BRISSOS,GUADIANA,194.13,217039.0,123761.0,A0 - MACIÇO ANTIGO INDIFERENCIADO,,2076168,38.08057,-7.93889,510/66
585,Poço no Monte da Morena,BEJA,BEJA,SÃO MATIAS,GUADIANA,157.49,225336.0,128254.0,A0 - MACIÇO ANTIGO INDIFERENCIADO,,2076196,38.12085,-7.84416,510/68
586,PFT 1,BEJA,SERPA,BRINCHES,GUADIANA,100.0,247102.0,121528.0,A0 - MACIÇO ANTIGO INDIFERENCIADO,,17043,38.05939,-7.5964,511/71
587,Poço nos Caliços,BEJA,SERPA,PIAS,GUADIANA,145.66,251325.0,128500.0,A0 - MACIÇO ANTIGO INDIFERENCIADO,,2076420,38.12197,-7.54778,512/210
588,Poço no Monte Branco,BEJA,SERPA,PIAS,GUADIANA,200.24,258784.0,121119.0,A0 - MACIÇO ANTIGO INDIFERENCIADO,,2076434,38.05502,-7.46333,512/211
589,FURO DOS POMARES,BEJA,MOURA,MOURA (SANTO AGOSTINHO),GUADIANA,170.0,263002.0,127410.0,A0 - MACIÇO ANTIGO INDIFERENCIADO,,2075640,38.11141,-7.41472,512/212
590,Poço no Aguieiro,BEJA,SERPA,PIAS,GUADIANA,214.98,263150.0,120905.0,A10 - MOURA - FICALHO,,2076470,38.0528,-7.41361,512/215
591,Ccanas,BEJA,MOURA,MOURA (SANTO AGOSTINHO),GUADIANA,235.2,260938.0,125951.0,A10 - MOURA - FICALHO,,17281,38.09841,-7.43838,512/32
592,SH MONTE BRANCO 1,BEJA,SERPA,PIAS,GUADIANA,194.44,259686.0,122504.0,A10 - MOURA - FICALHO,,17271,38.06744,-7.45294,512/50
593,SH LAMEIRA 1,BEJA,MOURA,MOURA (SANTO AGOSTINHO),GUADIANA,213.09,266242.0,124204.0,A10 - MOURA - FICALHO,,17279,38.0823,-7.37808,513/34
594,SH LAMEIRA 2,BEJA,MOURA,MOURA (SANTO AGOSTINHO),GUADIANA,214.0,266245.0,124203.0,A10 - MOURA - FICALHO,,61917,38.08229,-7.37804,513/35
614,CP 1/93,BEJA,SERPA,SERPA (SANTA MARIA),GUADIANA,160.0,245984.0,110503.0,A0 - MACIÇO ANTIGO INDIFERENCIADO,,17035,37.96012,-7.60984,522/200
615,Poço Barranco da Aldeia dos Testudos,BEJA,SERPA,SERPA (SANTA MARIA),GUADIANA,118.59,244777.0,114555.0,A9 - GABROS DE BEJA,,2076140,37.99669,-7.62332,522/253
616,Poço no Monte de Magalhães,BEJA,BEJA,QUINTOS,GUADIANA,152.34,235888.0,110502.0,A9 - GABROS DE BEJA,,2076154,37.96057,-7.72472,522/254
617,Poço Horta dos Coentros,BEJA,SERPA,BRINCHES,GUADIANA,164.21,245891.0,115948.0,A0 - MACIÇO ANTIGO INDIFERENCIADO,,2076210,38.00918,-7.61055,522/255
618,,BEJA,SERPA,SERPA (SALVADOR),GUADIANA,160.0,253383.0,111799.0,A0 - MACIÇO ANTIGO INDIFERENCIADO,EM SERVIÇO,17037,37.97139,-7.52555,523/29
619,,BEJA,SERPA,SERPA (SANTA MARIA),GUADIANA,149.0,250919.0,112952.0,A0 - MACIÇO ANTIGO INDIFERENCIADO,EM SERVIÇO,17036,37.98192,-7.55351,523/30
620,,BEJA,SERPA,SERPA (SALVADOR),GUADIANA,152.0,253900.0,114762.0,A0 - MACIÇO ANTIGO INDIFERENCIADO,,17045,37.99806,-7.51945,523/31
621,,BEJA,SERPA,PIAS,GUADIANA,190.0,258267.0,116103.0,A0 - MACIÇO ANTIGO INDIFERENCIADO,EM SERVIÇO,17052,38.00987,-7.46963,523/32
622,,BEJA,SERPA,SERPA (SALVADOR),GUADIANA,182.0,256216.0,115086.0,A0 - MACIÇO ANTIGO INDIFERENCIADO,,17051,38.00083,-7.49306,523/33
623,,BEJA,SERPA,SERPA (SALVADOR),GUADIANA,190.0,258997.0,113673.0,A0 - MACIÇO ANTIGO INDIFERENCIADO,EM SERVIÇO,17042,37.98793,-7.46151,523/36
624,,BEJA,SERPA,VALE DE VARGO,GUADIANA,200.0,263543.0,113813.0,A0 - MACIÇO ANTIGO INDIFERENCIADO,EM SERVIÇO,17044,37.98888,-7.40976,523/38
625,,BEJA,SERPA,SERPA (SALVADOR),GUADIANA,177.0,256757.0,110989.0,A0 - MACIÇO ANTIGO INDIFERENCIADO,,17046,37.96389,-7.48722,523/40
626,,BEJA,SERPA,SERPA (SALVADOR),GUADIANA,120.0,252517.0,114224.0,A0 - MACIÇO ANTIGO INDIFERENCIADO,,17047,37.99329,-7.53523,523/41
627,,BEJA,SERPA,BRINCHES,GUADIANA,120.0,250337.0,113932.0,A0 - MACIÇO ANTIGO INDIFERENCIADO,,17048,37.99078,-7.56007,523/42
628,,BEJA,SERPA,BRINCHES,GUADIANA,122.0,250001.0,113823.0,A0 - MACIÇO ANTIGO INDIFERENCIADO,,17049,37.98982,-7.5639,523/43
629,,BEJA,SERPA,BRINCHES,GUADIANA,120.0,249530.0,114260.0,A0 - MACIÇO ANTIGO INDIFERENCIADO,,17050,37.99378,-7.56923,523/44
630,Poço no Cangueiro,BEJA,SERPA,BRINCHES,GUADIANA,170.0,251434.0,119003.0,A0 - MACIÇO ANTIGO INDIFERENCIADO,,2076350,38.0364,-7.54722,523/68
631,Poço de Pias,BEJA,SERPA,PIAS,GUADIANA,190.0,256977.0,117992.0,A0 - MACIÇO ANTIGO INDIFERENCIADO,,2076364,38.02697,-7.48416,523/70
632,Poço no Monte das Palmeiras,BEJA,SERPA,SERPA (SANTA MARIA),GUADIANA,152.01,250911.0,112987.0,A0 - MACIÇO ANTIGO INDIFERENCIADO,,2076378,37.98224,-7.5536,523/72
633,Poço na Herdade de Belmeque,BEJA,SERPA,VALE DE VARGO,GUADIANA,230.0,264585.0,118202.0,A10 - MOURA - FICALHO,,2076484,38.02835,-7.3975,524/114
634,GARGALÃO,BEJA,MOURA,-,GUADIANA,205.0,274294.0,119206.0,A10 - MOURA - FICALHO,,2077770,38.03665,-7.28683,524/116
635,,BEJA,MOURA,SOBRAL DA ADIÇA,GUADIANA,270.0,272820.0,117950.0,A10 - MOURA - FICALHO,,68152,38.02545,-7.30374,524/40
636,SH PALHAIS 2,BEJA,MOURA,SOBRAL DA ADIÇA,GUADIANA,282.06,274703.0,113045.0,A10 - MOURA - FICALHO,,17286,37.98112,-7.28281,524/49
637,SH ROSA DA LAVADA 1,BEJA,MOURA,SOBRAL DA ADIÇA,GUADIANA,264.13,270017.0,116763.0,A10 - MOURA - FICALHO,,17278,38.01498,-7.33578,524/50
638,Vale Vargo,BEJA,SERPA,VALE DE VARGO,GUADIANA,245.0,265240.0,116175.0,A10 - MOURA - FICALHO,,17283,38.01004,-7.39023,524/51
639,,BEJA,SERPA,VALE DE VARGO,GUADIANA,230.0,265876.0,111398.0,A0 - MACIÇO ANTIGO INDIFERENCIADO,EM SERVIÇO,17032,37.96696,-7.38342,524/60
640,TS 3,BEJA,SERPA,VALE DE VARGO,GUADIANA,248.0,265125.0,116494.0,A10 - MOURA - FICALHO,EM SERVIÇO,17038,38.01292,-7.39151,524/82
641,TS 4,BEJA,SERPA,VALE DE VARGO,GUADIANA,245.0,265024.0,116640.0,A10 - MOURA - FICALHO,EM SERVIÇO,33995,38.01424,-7.39264,524/83
642,RF 1,BEJA,SERPA,VILA VERDE DE FICALHO,GUADIANA,265.0,273969.0,110138.0,A0 - MACIÇO ANTIGO INDIFERENCIADO,EM SERVIÇO,17040,37.95499,-7.29146,524/85
654,Poço na Horta da Genoveva,BEJA,BEJA,CABEÇA GORDA,GUADIANA,180.34,230505.0,107366.0,A0 - MACIÇO ANTIGO INDIFERENCIADO,,2076454,37.93251,-7.7861,531/46
655,AC 8,BEJA,SERPA,SERPA (SALVADOR),GUADIANA,200.0,246468.0,106234.0,A9 - GABROS DE BEJA,EM SERVIÇO,17034,37.92164,-7.60461,532/136
656,TS 1,BEJA,SERPA,SERPA (SANTA MARIA),GUADIANA,156.0,244147.0,108013.0,A9 - GABROS DE BEJA,EM RESERVA,17033,37.93778,-7.63089,532/153
657,SDH3 - Monte da Lobata,BEJA,SERPA,SERPA (SANTA MARIA),GUADIANA,160.0,242550.0,109100.0,A9 - GABROS DE BEJA,,62469,37.94765,-7.649,532/75
658,SI1,BEJA,SERPA,SERPA (SALVADOR),GUADIANA,160.0,251020.0,103800.0,A0 - MACIÇO ANTIGO INDIFERENCIADO,EM SERVIÇO,17053,37.89947,-7.55301,533/43
659,LF 4,BEJA,SERPA,ALDEIA NOVA DE SÃO BENTO,GUADIANA,249.0,262667.0,107517.0,A0 - MACIÇO ANTIGO INDIFERENCIADO,,33996,37.93223,-7.42028,533/51
660,Poço em Caliços,BEJA,SERPA,SERPA (SALVADOR),GUADIANA,193.26,248775.0,106961.0,A0 - MACIÇO ANTIGO INDIFERENCIADO,,2076392,37.92807,-7.57832,533/74
661,PFT 1,BEJA,SERPA,SERPA (SALVADOR),GUADIANA,210.0,257073.0,93570.0,A0 - MACIÇO ANTIGO INDIFERENCIADO,,33998,37.80695,-7.485,542/19
662,,BEJA,MÉRTOLA,MÉRTOLA,GUADIANA,120.0,246371.0,82922.0,A0 - MACIÇO ANTIGO INDIFERENCIADO,EM SERVIÇO,17022,37.71162,-7.6072,550/28
663,CP 1,BEJA,MÉRTOLA,CORTE DO PINTO,GUADIANA,160.0,257801.0,82214.0,A0 - MACIÇO ANTIGO INDIFERENCIADO,EM SERVIÇO,17024,37.7046,-7.47764,551/27
664,,BEJA,MÉRTOLA,MÉRTOLA,GUADIANA,128.0,243265.0,79624.0,A0 - MACIÇO ANTIGO INDIFERENCIADO,EM SERVIÇO,17023,37.68206,-7.64262,558/11
665,,BEJA,MÉRTOLA,MÉRTOLA,GUADIANA,130.0,245135.0,72905.0,A0 - MACIÇO ANTIGO INDIFERENCIADO,ABANDONADO,34002,37.62144,-7.62184,558/49
666,,BEJA,MÉRTOLA,MÉRTOLA,GUADIANA,69.0,241614.0,75613.0,A0 - MACIÇO ANTIGO INDIFERENCIADO,EM SERVIÇO,34003,37.646,-7.66156,558/52
667,,BEJA,MÉRTOLA,MÉRTOLA,GUADIANA,70.0,241408.0,75394.0,A0 - MACIÇO ANTIGO INDIFERENCIADO,EM SERVIÇO,34004,37.64404,-7.66391,558/53
668,,BEJA,MÉRTOLA,SANTANA DE CAMBAS,GUADIANA,170.0,249514.0,77117.0,A0 - MACIÇO ANTIGO INDIFERENCIADO,EM SERVIÇO,17031,37.65916,-7.57195,559/1
669,,BEJA,MÉRTOLA,SANTANA DE CAMBAS,GUADIANA,122.0,253078.0,71246.0,A0 - MACIÇO ANTIGO INDIFERENCIADO,EM SERVIÇO,17021,37.60607,-7.53199,559/17
670,FURO 2,BEJA,MÉRTOLA,CORTE DO PINTO,GUADIANA,160.0,256935.0,79106.0,A0 - MACIÇO ANTIGO INDIFERENCIADO,EM RESERVA,17027,37.67665,-7.4877,559/21
671,,BEJA,MÉRTOLA,SANTANA DE CAMBAS,GUADIANA,131.0,253366.0,73333.0,A0 - MACIÇO ANTIGO INDIFERENCIADO,EM SERVIÇO,17030,37.62485,-7.52858,559/25
673,,BEJA,MÉRTOLA,SANTANA DE CAMBAS,GUADIANA,130.0,250334.0,69416.0,A0 - MACIÇO ANTIGO INDIFERENCIADO,EM SERVIÇO,17028,37.58974,-7.56319,567/11
674,,FARO,ALCOUTIM,MARTIM LONGO,GUADIANA,270.0,231892.0,52065.0,A0 - MACIÇO ANTIGO INDIFERENCIADO,EM RESERVA,17523,37.43423,-7.77274,573/15
675,,FARO,ALJEZUR,ALJEZUR,RIBEIRAS DO ALGARVE,9.07,140898.0,40049.0,A0 - MACIÇO ANTIGO INDIFERENCIADO,EM SERVIÇO,100094,37.32463,-8.7999,576/1
676,,FARO,TAVIRA,CACHOPO,GUADIANA,386.0,228101.0,40583.0,A0 - MACIÇO ANTIGO INDIFERENCIADO,,17526,37.3309,-7.81601,581/41
677,,FARO,ALJEZUR,ALJEZUR,RIBEIRAS DO ALGARVE,13.95,141137.0,38271.0,A0 - MACIÇO ANTIGO INDIFERENCIADO,EM SERVIÇO,100196,37.30863,-8.79706,584/10
678,,FARO,ALJEZUR,ALJEZUR,RIBEIRAS DO ALGARVE,13.75,140980.0,37900.0,A0 - MACIÇO ANTIGO INDIFERENCIADO,EM SERVIÇO,100197,37.30527,-8.7988,584/11
679,AC 1,FARO,ALJEZUR,ALJEZUR,RIBEIRAS DO ALGARVE,11.0,140700.0,39050.0,A0 - MACIÇO ANTIGO INDIFERENCIADO,EM SERVIÇO,100198,37.31562,-8.80205,584/13
680,AC 2,FARO,ALJEZUR,ALJEZUR,RIBEIRAS DO ALGARVE,11.0,140700.0,39100.0,A0 - MACIÇO ANTIGO INDIFERENCIADO,EM SERVIÇO,100367,37.31607,-8.80206,584/14
681,SPA3,FARO,ALJEZUR,ALJEZUR,RIBEIRAS DO ALGARVE,9.85,140848.14,39342.85,A0 - MACIÇO ANTIGO INDIFERENCIADO,ABANDONADO,2021046,37.31827,-8.80041,584/22
682,,FARO,ALJEZUR,ALJEZUR,RIBEIRAS DO ALGARVE,10.98,140667.37,38843.42,A0 - MACIÇO ANTIGO INDIFERENCIADO,,2021040,37.31375,-8.80241,584/39
683,,FARO,ALJEZUR,ALJEZUR,RIBEIRAS DO ALGARVE,11.16,141267.0,39873.0,A0 - MACIÇO ANTIGO INDIFERENCIADO,EM SERVIÇO,100192,37.32307,-8.79572,584/4
684,,FARO,ALJEZUR,ALJEZUR,RIBEIRAS DO ALGARVE,9.08,141000.0,39650.0,A0 - MACIÇO ANTIGO INDIFERENCIADO,EM SERVIÇO,100193,37.32104,-8.79872,584/7
685,,FARO,ALJEZUR,ALJEZUR,RIBEIRAS DO ALGARVE,13.06,140990.0,39364.0,A0 - MACIÇO ANTIGO INDIFERENCIADO,ABANDONADO,100194,37.31846,-8.79881,584/8
686,,FARO,ALJEZUR,ALJEZUR,RIBEIRAS DO ALGARVE,13.89,141423.0,38799.0,A0 - MACIÇO ANTIGO INDIFERENCIADO,EM SERVIÇO,100195,37.3134,-8.79388,584/9
687,,FARO,MONCHIQUE,MONCHIQUE,ARADE,517.68,162080.78,39797.68,A0 - MACIÇO ANTIGO INDIFERENCIADO,,17527,37.32347,-8.5609,585/78
688,,FARO,SILVES,SÃO BARTOLOMEU DE MESSINES,RIBEIRAS DO ALGARVE,145.63,184330.0,32770.0,M0 - ORLA MERIDIONAL INDIFERENCIADO,EM SERVIÇO,100012,37.26079,-8.30973,587/1
689,,FARO,SILVES,SÃO BARTOLOMEU DE MESSINES,ARADE,137.56,190150.0,37800.0,A0 - MACIÇO ANTIGO INDIFERENCIADO,,17528,37.3062,-8.24419,587/101
690,,FARO,LOULÉ,ALTE,RIBEIRAS DO ALGARVE,218.28,194650.0,30830.0,M0 - ORLA MERIDIONAL INDIFERENCIADO,ABANDONADO,100014,37.24343,-8.19338,587/19
691,1 AH,FARO,SILVES,SÃO BARTOLOMEU DE MESSINES,RIBEIRAS DO ALGARVE,140.0,186800.0,30700.0,M5 - QUERENÇA - SILVES,,100409,37.24218,-8.28185,587/20
692,,FARO,SILVES,SÃO BARTOLOMEU DE MESSINES,RIBEIRAS DO ALGARVE,164.0,189624.0,30885.0,M0 - ORLA MERIDIONAL INDIFERENCIADO,ENTULHADO,107611,37.24388,-8.25003,587/39
693,,FARO,SILVES,SÃO BARTOLOMEU DE MESSINES,RIBEIRAS DO ALGARVE,164.55,189560.0,30820.0,M0 - ORLA MERIDIONAL INDIFERENCIADO,EM SERVIÇO,100013,37.2433,-8.25075,587/7
694,JK 3,FARO,LOULÉ,SALIR,RIBEIRAS DO ALGARVE,220.76,206900.0,30120.0,M5 - QUERENÇA - SILVES,ABANDONADO,100425,37.23702,-8.05533,588/1
695,JK 4,FARO,LOULÉ,SALIR,RIBEIRAS DO ALGARVE,222.93,207030.0,30020.0,M5 - QUERENÇA - SILVES,EM SERVIÇO,100426,37.23612,-8.05386,588/2
696,,FARO,SÃO BRÁS DE ALPORTEL,SÃO BRÁS DE ALPORTEL,GUADIANA,445.36,226803.0,30855.0,A0 - MACIÇO ANTIGO INDIFERENCIADO,,17529,37.24329,-7.83101,589/31
697,,FARO,LOULÉ,SALIR,RIBEIRAS DO ALGARVE,443.31,217250.0,30250.0,A0 - MACIÇO ANTIGO INDIFERENCIADO,,17530,37.23806,-7.93869,589/32
698,,FARO,CASTRO MARIM,AZINHAL,GUADIANA,97.23,258600.0,35300.0,A0 - MACIÇO ANTIGO INDIFERENCIADO,,17531,37.28188,-7.47231,591/62
699,,FARO,CASTRO MARIM,AZINHAL,GUADIANA,99.0,258653.0,35356.0,A0 - MACIÇO ANTIGO INDIFERENCIADO,,2059330,37.28238,-7.47171,591/94
700,,FARO,LAGOS,BENSAFRIM,RIBEIRAS DO ALGARVE,15.0,150690.0,22140.0,M0 - ORLA MERIDIONAL INDIFERENCIADO,EM RESERVA,100213,37.16384,-8.68824,593/1
701,,FARO,LAGOS,BENSAFRIM,RIBEIRAS DO ALGARVE,72.0,145950.0,20200.0,M2 - ALMÁDENA - ODEÁXERE,EM SERVIÇO,100215,37.1461,-8.74146,593/3
702,,FARO,LAGOS,BENSAFRIM,RIBEIRAS DO ALGARVE,74.18,149124.0,22007.0,M2 - ALMÁDENA - ODEÁXERE,,17533,37.16256,-8.70586,593/5
703,,FARO,ALJEZUR,BORDEIRA,RIBEIRAS DO ALGARVE,121.45,139141.58,29603.39,A0 - MACIÇO ANTIGO INDIFERENCIADO,,17534,37.23041,-8.81886,593/54
704,TS 1,FARO,PORTIMÃO,MEXILHOEIRA GRANDE,RIBEIRAS DO ALGARVE,58.68,161724.0,24238.0,M3 - MEXILHOEIRA GRANDE - PORTIMÃO,EM RESERVA,101517,37.18326,-8.56413,594/102
705,FD 4,FARO,PORTIMÃO,MEXILHOEIRA GRANDE,RIBEIRAS DO ALGARVE,35.0,158740.0,22315.0,M3 - MEXILHOEIRA GRANDE - PORTIMÃO,ABANDONADO,100294,37.16581,-8.59762,594/109
706,,FARO,PORTIMÃO,PORTIMÃO,ARADE,35.13,162600.0,22150.0,M3 - MEXILHOEIRA GRANDE - PORTIMÃO,EM SERVIÇO,100015,37.16449,-8.55416,594/150
707,JCS 4/JCS 6,FARO,PORTIMÃO,MEXILHOEIRA GRANDE,RIBEIRAS DO ALGARVE,69.3,156280.0,23542.0,M3 - MEXILHOEIRA GRANDE - PORTIMÃO,ABANDONADO,100330,37.17675,-8.62539,594/159
708,JCS 5,FARO,PORTIMÃO,MEXILHOEIRA GRANDE,RIBEIRAS DO ALGARVE,10.0,159150.0,23350.0,M3 - MEXILHOEIRA GRANDE - PORTIMÃO,EM SERVIÇO,100332,37.17515,-8.59306,594/162
709,JCS 8,FARO,PORTIMÃO,MEXILHOEIRA GRANDE,RIBEIRAS DO ALGARVE,50.0,159650.0,25250.0,M3 - MEXILHOEIRA GRANDE - PORTIMÃO,EM SERVIÇO,100392,37.19229,-8.58754,594/163
710,JCS 19,FARO,PORTIMÃO,MEXILHOEIRA GRANDE,RIBEIRAS DO ALGARVE,53.26,159223.02,26189.52,M3 - MEXILHOEIRA GRANDE - PORTIMÃO,EM RESERVA,100340,37.20074,-8.5924,594/172
711,,FARO,PORTIMÃO,MEXILHOEIRA GRANDE,RIBEIRAS DO ALGARVE,48.65,159600.0,25500.0,M3 - MEXILHOEIRA GRANDE - PORTIMÃO,EM SERVIÇO,100237,37.19455,-8.58811,594/28
712,,FARO,PORTIMÃO,MEXILHOEIRA GRANDE,RIBEIRAS DO ALGARVE,50.35,159450.0,26120.0,M3 - MEXILHOEIRA GRANDE - PORTIMÃO,EM SERVIÇO,100242,37.20012,-8.58984,594/34
713,LF 11,FARO,PORTIMÃO,ALVOR,RIBEIRAS DO ALGARVE,3.0,156470.0,20860.0,M3 - MEXILHOEIRA GRANDE - PORTIMÃO,ABANDONADO,100218,37.1526,-8.6231,594/4
714,,FARO,LAGOS,ODIÁXERE,RIBEIRAS DO ALGARVE,44.73,152364.4,20450.09,M2 - ALMÁDENA - ODEÁXERE,EM RESERVA,71833,37.1487,-8.66928,594/400
715,,FARO,PORTIMÃO,-,RIBEIRAS DO ALGARVE,12.15,163617.0,20752.0,M3 - MEXILHOEIRA GRANDE - PORTIMÃO,,2059690,37.15193,-8.54264,594/466
716,,FARO,PORTIMÃO,MEXILHOEIRA GRANDE,RIBEIRAS DO ALGARVE,22.49,158158.0,22333.0,M3 - MEXILHOEIRA GRANDE - PORTIMÃO,EM SERVIÇO,100252,37.16595,-8.60418,594/47
717,,FARO,PORTIMÃO,PORTIMÃO,RIBEIRAS DO ALGARVE,54.9,161730.0,23220.0,M3 - MEXILHOEIRA GRANDE - PORTIMÃO,EM RESERVA,106087,37.17409,-8.56401,594/56
718,,FARO,PORTIMÃO,ALVOR,RIBEIRAS DO ALGARVE,24.51,161648.0,20654.0,M3 - MEXILHOEIRA GRANDE - PORTIMÃO,EM SERVIÇO,100270,37.15097,-8.5648,594/71
719,FD14,FARO,PORTIMÃO,MEXILHOEIRA GRANDE,RIBEIRAS DO ALGARVE,41.17,157358.0,22434.0,M3 - MEXILHOEIRA GRANDE - PORTIMÃO,EM RESERVA,100039,37.16682,-8.61319,594/95
720,RA1,FARO,SILVES,ALCANTARILHA,RIBEIRAS DO ALGARVE,79.99,181878.0,23989.0,M5 - QUERENÇA - SILVES,,72811,37.18163,-8.33716,595/1016
721,RA2,FARO,SILVES,-,RIBEIRAS DO ALGARVE,68.36,181692.0,27134.0,M5 - QUERENÇA - SILVES,,72815,37.20996,-8.33933,595/1024
722,RA3,FARO,SILVES,SILVES,RIBEIRAS DO ALGARVE,72.84,180505.0,26815.0,M5 - QUERENÇA - SILVES,,72818,37.20707,-8.3527,595/1025
723,RA4,FARO,SILVES,SILVES,RIBEIRAS DO ALGARVE,91.32,178125.0,25560.0,M5 - QUERENÇA - SILVES,,72821,37.1957,-8.37947,595/1028
724,RA5,FARO,SILVES,SILVES,ARADE,94.81,175360.0,23750.0,M5 - QUERENÇA - SILVES,,72824,37.17933,-8.41055,595/1033
725,FC,FARO,SILVES,SILVES,RIBEIRAS DO ALGARVE,92.56,178240.0,24100.0,M5 - QUERENÇA - SILVES,,2002788,37.18255,-8.37813,595/1056
726,,FARO,SILVES,SILVES,ARADE,50.4,174930.0,24570.0,M5 - QUERENÇA - SILVES,EM SERVIÇO,100018,37.1867,-8.41542,595/121
727,,FARO,SILVES,SILVES,RIBEIRAS DO ALGARVE,47.16,177560.0,26330.0,M5 - QUERENÇA - SILVES,EM SERVIÇO,100017,37.20263,-8.38586,595/160
728,2 AH,FARO,SILVES,ALCANTARILHA,RIBEIRAS DO ALGARVE,47.02,182000.0,25550.0,M5 - QUERENÇA - SILVES,EM SERVIÇO,100019,37.1957,-8.33582,595/212
729,,FARO,SILVES,SILVES,ARADE,63.76,172856.0,23637.0,M5 - QUERENÇA - SILVES,EM SERVIÇO,100041,37.17824,-8.43874,595/215
730,JK 4,FARO,SILVES,ALGOZ,RIBEIRAS DO ALGARVE,55.0,183500.0,20650.0,M0 - ORLA MERIDIONAL INDIFERENCIADO,ABANDONADO,100645,37.15157,-8.31882,595/218
731,PS 6,FARO,SILVES,SILVES,RIBEIRAS DO ALGARVE,82.0,179232.0,24621.0,M5 - QUERENÇA - SILVES,EM RESERVA,101522,37.18727,-8.36697,595/306
732,,FARO,SILVES,SILVES,RIBEIRAS DO ALGARVE,59.86,177635.0,26244.0,M5 - QUERENÇA - SILVES,EM SERVIÇO,101524,37.20186,-8.38501,595/308
733,JCS 19,FARO,SILVES,SILVES,ARADE,34.73,171150.0,22656.0,M5 - QUERENÇA - SILVES,EM RESERVA,101525,37.16935,-8.45792,595/309
734,,FARO,SILVES,ALCANTARILHA,RIBEIRAS DO ALGARVE,58.49,180070.0,25460.0,M5 - QUERENÇA - SILVES,EM SERVIÇO,100040,37.19485,-8.35756,595/55
735,,FARO,SILVES,ALCANTARILHA,RIBEIRAS DO ALGARVE,49.37,181270.0,25660.0,M5 - QUERENÇA - SILVES,EM SERVIÇO,100045,37.19667,-8.34405,595/76
736,,FARO,SILVES,ALGOZ,RIBEIRAS DO ALGARVE,69.59,183740.0,26440.0,M5 - QUERENÇA - SILVES,EM SERVIÇO,100016,37.20375,-8.31625,595/80
737,,FARO,SILVES,ALGOZ,RIBEIRAS DO ALGARVE,94.35,187980.0,25590.0,M5 - QUERENÇA - SILVES,EM SERVIÇO,100001,37.19615,-8.26847,596/122
738,,FARO,ALBUFEIRA,PADERNE,RIBEIRAS DO ALGARVE,75.34,197052.0,24728.0,M5 - QUERENÇA - SILVES,EM SERVIÇO,100020,37.18846,-8.16629,596/19
739,,FARO,SILVES,ALGOZ,RIBEIRAS DO ALGARVE,45.0,186290.0,23900.0,M5 - QUERENÇA - SILVES,EM SERVIÇO,106141,37.1809,-8.28747,596/194
740,,FARO,SILVES,TUNES,RIBEIRAS DO ALGARVE,58.53,188274.0,22184.0,M0 - ORLA MERIDIONAL INDIFERENCIADO,EM SERVIÇO,100003,37.16547,-8.26511,596/218
741,,FARO,ALBUFEIRA,-,RIBEIRAS DO ALGARVE,69.53,195711.0,26540.0,M5 - QUERENÇA - SILVES,EM SERVIÇO,105453,37.20478,-8.1814,596/24
742,,FARO,LOULÉ,ALTE,RIBEIRAS DO ALGARVE,134.25,192184.0,29747.0,M5 - QUERENÇA - SILVES,ABANDONADO,100883,37.23365,-8.22116,596/243
743,,FARO,SILVES,SÃO BARTOLOMEU DE MESSINES,RIBEIRAS DO ALGARVE,61.0,186660.0,26540.0,M5 - QUERENÇA - SILVES,EM SERVIÇO,100885,37.2047,-8.28336,596/245
744,8 AH,FARO,SILVES,-,RIBEIRAS DO ALGARVE,80.25,192038.0,25270.0,M5 - QUERENÇA - SILVES,EM SERVIÇO,100004,37.19331,-8.22276,596/259
745,9 AH,FARO,SILVES,SÃO BARTOLOMEU DE MESSINES,RIBEIRAS DO ALGARVE,84.64,184217.0,29418.0,M5 - QUERENÇA - SILVES,EM RESERVA,100037,37.23059,-8.31094,596/262
746,,FARO,ALBUFEIRA,PADERNE,RIBEIRAS DO ALGARVE,71.38,193880.0,26190.0,M5 - QUERENÇA - SILVES,EM SERVIÇO,100722,37.20162,-8.20202,596/27
747,JCS 18,FARO,ALBUFEIRA,PADERNE,RIBEIRAS DO ALGARVE,63.95,194800.0,24500.0,M5 - QUERENÇA - SILVES,EM SERVIÇO,100893,37.1864,-8.19165,596/272
748,FD 4,FARO,ALBUFEIRA,PADERNE,RIBEIRAS DO ALGARVE,68.62,194600.0,24850.0,M5 - QUERENÇA - SILVES,EM SERVIÇO,100894,37.18955,-8.1939,596/273
749,FD 3,FARO,ALBUFEIRA,PADERNE,RIBEIRAS DO ALGARVE,71.3,194850.0,25150.0,M5 - QUERENÇA - SILVES,EM SERVIÇO,100896,37.19225,-8.19109,596/275
750,FD 2,FARO,ALBUFEIRA,PADERNE,RIBEIRAS DO ALGARVE,69.1,195350.0,25360.0,M5 - QUERENÇA - SILVES,EM SERVIÇO,100897,37.19415,-8.18546,596/276
751,FD 1,FARO,ALBUFEIRA,PADERNE,RIBEIRAS DO ALGARVE,68.56,195250.0,25750.0,M5 - QUERENÇA - SILVES,EM SERVIÇO,100898,37.19766,-8.18659,596/277
752,AC 2,FARO,ALBUFEIRA,PADERNE,RIBEIRAS DO ALGARVE,69.01,194950.0,25650.0,M5 - QUERENÇA - SILVES,EM SERVIÇO,100899,37.19676,-8.18997,596/278
753,FD 6,FARO,ALBUFEIRA,PADERNE,RIBEIRAS DO ALGARVE,70.14,193600.0,26400.0,M5 - QUERENÇA - SILVES,EM SERVIÇO,100900,37.20351,-8.20518,596/279
754,,FARO,ALBUFEIRA,PADERNE,RIBEIRAS DO ALGARVE,67.18,193740.0,25100.0,M5 - QUERENÇA - SILVES,EM SERVIÇO,100901,37.1918,-8.20359,596/284
755,,FARO,ALBUFEIRA,PADERNE,RIBEIRAS DO ALGARVE,66.71,195300.0,26200.0,M5 - QUERENÇA - SILVES,EM SERVIÇO,101001,37.20172,-8.18603,596/302
756,FD 5,FARO,ALBUFEIRA,PADERNE,RIBEIRAS DO ALGARVE,69.06,195150.0,25450.0,M5 - QUERENÇA - SILVES,EM SERVIÇO,106145,37.19496,-8.18771,596/322
757,,FARO,LOULÉ,ALTE,RIBEIRAS DO ALGARVE,96.64,197667.0,26453.0,M5 - QUERENÇA - SILVES,EM RESERVA,100021,37.204,-8.15937,596/35
758,,FARO,SILVES,ALGOZ,RIBEIRAS DO ALGARVE,107.0,190100.0,25320.0,M5 - QUERENÇA - SILVES,,20217,37.19375,-8.24459,596/399
759,,FARO,ALBUFEIRA,PADERNE,RIBEIRAS DO ALGARVE,60.97,192930.0,24740.0,M5 - QUERENÇA - SILVES,EM SERVIÇO,100022,37.18855,-8.21271,596/51
760,,FARO,SILVES,SÃO BARTOLOMEU DE MESSINES,RIBEIRAS DO ALGARVE,85.26,186513.0,29101.0,M5 - QUERENÇA - SILVES,ABANDONADO,100002,37.22777,-8.28506,596/59
761,,FARO,SILVES,SÃO BARTOLOMEU DE MESSINES,RIBEIRAS DO ALGARVE,78.15,185180.0,28240.0,M5 - QUERENÇA - SILVES,EM SERVIÇO,100764,37.21999,-8.30006,596/86
762,,FARO,LOULÉ,ALTE,RIBEIRAS DO ALGARVE,72.0,195744.0,26623.0,M5 - QUERENÇA - SILVES,,2040932,37.20553,-8.18103,596/899
763,,FARO,LOULÉ,BENAFIM,RIBEIRAS DO ALGARVE,250.0,202950.0,27400.0,M5 - QUERENÇA - SILVES,EM SERVIÇO,106146,37.21254,-8.09985,597/105
764,14 AH,FARO,LOULÉ,SALIR,RIBEIRAS DO ALGARVE,155.26,207543.0,28106.0,M5 - QUERENÇA - SILVES,EM SERVIÇO,100010,37.21887,-8.0481,597/111
765,,FARO,LOULÉ,LOULÉ (SÃO SEBASTIÃO),RIBEIRAS DO ALGARVE,144.0,203840.0,22665.0,M5 - QUERENÇA - SILVES,EM SERVIÇO,101156,37.16987,-8.08985,597/121
766,,FARO,LOULÉ,BENAFIM,RIBEIRAS DO ALGARVE,110.0,204300.0,25020.0,M5 - QUERENÇA - SILVES,EM SERVIÇO,101170,37.19109,-8.08466,597/138
767,,FARO,LOULÉ,QUERENÇA,RIBEIRAS DO ALGARVE,225.82,215250.0,23620.0,M5 - QUERENÇA - SILVES,,17535,37.17836,-7.96136,597/362
768,,FARO,LOULÉ,QUERENÇA,RIBEIRAS DO ALGARVE,132.69,207868.0,25450.0,M5 - QUERENÇA - SILVES,,17536,37.19494,-8.04447,597/364
769,,FARO,LOULÉ,-,RIBEIRAS DO ALGARVE,282.63,201004.0,29895.0,M5 - QUERENÇA - SILVES,EM RESERVA,17537,37.23502,-8.12177,597/365
770,,FARO,LOULÉ,-,RIBEIRAS DO ALGARVE,269.44,211677.0,22274.0,M8 - S. BRÁS DE ALPORTEL,,71840,37.16628,-8.00161,597/367
771,,FARO,LOULÉ,-,RIBEIRAS DO ALGARVE,204.2,210958.56,20086.41,M8 - S. BRÁS DE ALPORTEL,EM RESERVA,2061290,37.14658,-8.00974,597/642
772,,FARO,LOULÉ,LOULÉ (SÃO SEBASTIÃO),RIBEIRAS DO ALGARVE,221.52,203420.0,21200.0,M0 - ORLA MERIDIONAL INDIFERENCIADO,EM SERVIÇO,100005,37.15667,-8.09458,597/78
773,,FARO,LOULÉ,BOLIQUEIME,RIBEIRAS DO ALGARVE,253.43,200950.0,21100.0,M7 - QUARTEIRA,EM SERVIÇO,100912,37.15577,-8.12239,597/79
774,,FARO,LOULÉ,LOULÉ (SÃO SEBASTIÃO),RIBEIRAS DO ALGARVE,97.95,204050.0,24450.0,M5 - QUERENÇA - SILVES,EM SERVIÇO,100902,37.18595,-8.08747,597/80
775,,FARO,LOULÉ,BENAFIM,RIBEIRAS DO ALGARVE,181.58,200162.0,27486.0,M5 - QUERENÇA - SILVES,EM SERVIÇO,105465,37.21332,-8.13126,597/81
776,,FARO,LOULÉ,SALIR,RIBEIRAS DO ALGARVE,161.7,205350.0,28400.0,M5 - QUERENÇA - SILVES,EM SERVIÇO,100904,37.22154,-8.07281,597/82
777,,FARO,LOULÉ,BENAFIM,RIBEIRAS DO ALGARVE,282.48,201200.0,29900.0,M5 - QUERENÇA - SILVES,EM SERVIÇO,100006,37.23507,-8.11956,597/83
778,,FARO,LOULÉ,QUERENÇA,RIBEIRAS DO ALGARVE,212.33,213310.0,26450.0,M0 - ORLA MERIDIONAL INDIFERENCIADO,EM SERVIÇO,100007,37.20389,-7.98315,597/84
779,,FARO,LOULÉ,LOULÉ (SÃO CLEMENTE),RIBEIRAS DO ALGARVE,237.44,214714.0,20105.0,M0 - ORLA MERIDIONAL INDIFERENCIADO,EM RESERVA,100008,37.14669,-7.96746,597/85
780,AC 2,FARO,LOULÉ,QUERENÇA,RIBEIRAS DO ALGARVE,119.57,208171.0,24544.0,M5 - QUERENÇA - SILVES,EM SERVIÇO,100046,37.18677,-8.04106,597/87
781,,FARO,LOULÉ,SALIR,RIBEIRAS DO ALGARVE,165.0,205200.0,28300.0,M5 - QUERENÇA - SILVES,EM SERVIÇO,101136,37.22064,-8.0745,597/88
782,,FARO,LOULÉ,LOULÉ (SÃO SEBASTIÃO),RIBEIRAS DO ALGARVE,98.81,204165.0,24401.0,M5 - QUERENÇA - SILVES,EM SERVIÇO,100009,37.18551,-8.08618,597/91
783,,FARO,LOULÉ,LOULÉ (SÃO SEBASTIÃO),RIBEIRAS DO ALGARVE,313.2,201850.0,21250.0,M5 - QUERENÇA - SILVES,EM SERVIÇO,101002,37.15712,-8.11226,597/92
784,7 AH,FARO,LOULÉ,BENAFIM,RIBEIRAS DO ALGARVE,195.0,202500.0,28400.0,M5 - QUERENÇA - SILVES,EM SERVIÇO,101141,37.22155,-8.10492,597/95
785,6 AH,FARO,LOULÉ,BENAFIM,RIBEIRAS DO ALGARVE,182.52,202401.0,28398.0,M5 - QUERENÇA - SILVES,EM SERVIÇO,100907,37.22153,-8.10603,597/96
786,,FARO,SÃO BRÁS DE ALPORTEL,SÃO BRÁS DE ALPORTEL,RIBEIRAS DO ALGARVE,294.6,219980.0,22800.0,M8 - S. BRÁS DE ALPORTEL,EM SERVIÇO,101499,37.17088,-7.90812,598/1
787,,FARO,SÃO BRÁS DE ALPORTEL,SÃO BRÁS DE ALPORTEL,RIBEIRAS DO ALGARVE,251.85,219065.0,20852.0,M8 - S. BRÁS DE ALPORTEL,EM SERVIÇO,101434,37.15335,-7.91847,598/114
788,,FARO,SÃO BRÁS DE ALPORTEL,SÃO BRÁS DE ALPORTEL,RIBEIRAS DO ALGARVE,272.36,223008.0,21873.0,M8 - S. BRÁS DE ALPORTEL,EM SERVIÇO,100915,37.16246,-7.87405,598/132
789,,FARO,TAVIRA,SANTA CATARINA DA FONTE DO BISPO,GUADIANA,430.0,228100.0,26850.0,A0 - MACIÇO ANTIGO INDIFERENCIADO,,106190,37.20716,-7.81654,598/143
790,,FARO,SÃO BRÁS DE ALPORTEL,SÃO BRÁS DE ALPORTEL,RIBEIRAS DO ALGARVE,299.22,219826.0,22726.0,M8 - S. BRÁS DE ALPORTEL,,17538,37.17022,-7.90985,598/155
791,,FARO,SÃO BRÁS DE ALPORTEL,SÃO BRÁS DE ALPORTEL,RIBEIRAS DO ALGARVE,260.0,223150.0,21720.0,M8 - S. BRÁS DE ALPORTEL,EM SERVIÇO,106185,37.16108,-7.87246,598/73
792,,FARO,VILA REAL DE SANTO ANTÓNIO,VILA NOVA DE CACELA,RIBEIRAS DO ALGARVE,51.1,250700.0,23140.0,M16 - S. BARTOLOMEU,EM SERVIÇO,101710,37.17278,-7.56221,600/115
793,JK 7,FARO,VILA REAL DE SANTO ANTÓNIO,VILA NOVA DE CACELA,RIBEIRAS DO ALGARVE,33.51,250470.0,22330.0,M0 - ORLA MERIDIONAL INDIFERENCIADO,EM SERVIÇO,106214,37.1655,-7.56486,600/134
794,,FARO,VILA REAL DE SANTO ANTÓNIO,MONTE GORDO,RIBEIRAS DO ALGARVE,2.74,260418.0,24401.0,M17 - MONTE GORDO,EM SERVIÇO,101660,37.18357,-7.45269,600/15
795,,FARO,TAVIRA,CONCEIÇÃO,RIBEIRAS DO ALGARVE,43.0,249060.0,21570.0,M0 - ORLA MERIDIONAL INDIFERENCIADO,EM SERVIÇO,101741,37.15873,-7.58078,600/152
796,IRH Nº 53,FARO,TAVIRA,CONCEIÇÃO,RIBEIRAS DO ALGARVE,30.6,248100.0,20570.0,M0 - ORLA MERIDIONAL INDIFERENCIADO,EM SERVIÇO,101744,37.14976,-7.59165,600/155
797,,FARO,CASTRO MARIM,CASTRO MARIM,RIBEIRAS DO ALGARVE,4.24,258430.0,23470.0,M17 - MONTE GORDO,EM SERVIÇO,105119,37.17531,-7.47515,600/17
798,,FARO,CASTRO MARIM,ALTURA,RIBEIRAS DO ALGARVE,48.0,254300.0,25950.0,M0 - ORLA MERIDIONAL INDIFERENCIADO,EM SERVIÇO,101758,37.1979,-7.52147,600/173
799,2 AH,FARO,CASTRO MARIM,CASTRO MARIM,GUADIANA,30.0,261030.0,28050.0,M0 - ORLA MERIDIONAL INDIFERENCIADO,EM SERVIÇO,101774,37.2164,-7.4455,600/191
800,,FARO,CASTRO MARIM,CASTRO MARIM,GUADIANA,25.68,257408.0,24918.0,M16 - S. BARTOLOMEU,EM SERVIÇO,101668,37.18842,-7.48655,600/24
801,,FARO,CASTRO MARIM,-,GUADIANA,22.14,255570.99,24539.62,M16 - S. BARTOLOMEU,,2061490,37.18512,-7.50726,600/266
802,,FARO,VILA REAL DE SANTO ANTÓNIO,-,RIBEIRAS DO ALGARVE,14.75,254896.09,23152.86,M0 - ORLA MERIDIONAL INDIFERENCIADO,,2061650,37.17266,-7.51497,600/267
803,,FARO,VILA REAL DE SANTO ANTÓNIO,-,RIBEIRAS DO ALGARVE,3.51,261515.87,24957.57,M17 - MONTE GORDO,EM SERVIÇO,2053116,37.18851,-7.44029,600/270
804,,FARO,CASTRO MARIM,CASTRO MARIM,GUADIANA,18.26,258680.0,26220.0,M0 - ORLA MERIDIONAL INDIFERENCIADO,EM SERVIÇO,101671,37.20007,-7.47212,600/28
805,,FARO,VILA REAL DE SANTO ANTÓNIO,-,RIBEIRAS DO ALGARVE,12.47,254908.12,23251.15,M16 - S. BARTOLOMEU,EM SERVIÇO,2053106,37.17355,-7.51482,600/295
806,,FARO,CASTRO MARIM,-,RIBEIRAS DO ALGARVE,9.0,256759.0,24226.0,M16 - S. BARTOLOMEU,,2081450,37.18222,-7.49391,600/300
807,,FARO,CASTRO MARIM,ALTURA,RIBEIRAS DO ALGARVE,26.64,255900.0,24850.0,M16 - S. BARTOLOMEU,EM SERVIÇO,101675,37.18789,-7.50354,600/33
808,,FARO,CASTRO MARIM,ALTURA,RIBEIRAS DO ALGARVE,32.97,255992.0,25102.0,M16 - S. BARTOLOMEU,EM SERVIÇO,105852,37.19016,-7.50248,600/37
809,JK 3  S08,FARO,VILA REAL DE SANTO ANTÓNIO,VILA REAL DE SANTO ANTÓNIO,RIBEIRAS DO ALGARVE,6.52,262070.0,24120.0,M17 - MONTE GORDO,EM SERVIÇO,105121,37.18093,-7.43411,600/43
810,JK 4  S09,FARO,VILA REAL DE SANTO ANTÓNIO,VILA REAL DE SANTO ANTÓNIO,GUADIANA,3.71,263179.0,24203.0,M17 - MONTE GORDO,EM SERVIÇO,105857,37.1816,-7.42162,600/44
811,JK 5,FARO,VILA REAL DE SANTO ANTÓNIO,VILA REAL DE SANTO ANTÓNIO,GUADIANA,4.31,263200.0,24950.0,M17 - MONTE GORDO,EM SERVIÇO,105858,37.18833,-7.42132,600/45
812,JK 10,FARO,VILA REAL DE SANTO ANTÓNIO,VILA REAL DE SANTO ANTÓNIO,GUADIANA,4.77,262758.0,24158.0,M17 - MONTE GORDO,EM SERVIÇO,105862,37.18122,-7.42636,600/50
813,AC 1,FARO,VILA REAL DE SANTO ANTÓNIO,MONTE GORDO,RIBEIRAS DO ALGARVE,3.99,261200.0,24350.0,M17 - MONTE GORDO,EM SERVIÇO,105866,37.18306,-7.44389,600/54
814,AC 2,FARO,CASTRO MARIM,ALTURA,RIBEIRAS DO ALGARVE,3.38,256350.0,23850.0,M16 - S. BARTOLOMEU,EM SERVIÇO,105870,37.17886,-7.49854,600/59
815,JK 3,FARO,VILA REAL DE SANTO ANTÓNIO,VILA NOVA DE CACELA,RIBEIRAS DO ALGARVE,5.83,255256.0,23344.0,M16 - S. BARTOLOMEU,EM SERVIÇO,105872,37.17436,-7.5109,600/63
816,,FARO,VILA REAL DE SANTO ANTÓNIO,VILA NOVA DE CACELA,RIBEIRAS DO ALGARVE,12.75,254000.0,23150.0,M0 - ORLA MERIDIONAL INDIFERENCIADO,EM SERVIÇO,105875,37.17269,-7.52506,600/66
817,,FARO,VILA DO BISPO,VILA DO BISPO,RIBEIRAS DO ALGARVE,72.84,128980.0,10400.0,M1 - COVÕES,EM SERVIÇO,101794,37.05667,-8.93153,601/4
818,,FARO,LAGOS,BARÃO DE SÃO JOÃO,RIBEIRAS DO ALGARVE,61.41,145543.51,19394.17,M2 - ALMÁDENA - ODEÁXERE,EM SERVIÇO,101965,37.13882,-8.74598,602/178
819,,FARO,LAGOS,LAGOS (SÃO SEBASTIÃO),RIBEIRAS DO ALGARVE,30.23,150322.0,19184.0,M2 - ALMÁDENA - ODEÁXERE,EM SERVIÇO,101973,37.13719,-8.69219,602/187
820,,FARO,LAGOS,LUZ,RIBEIRAS DO ALGARVE,48.36,147106.0,16974.0,M2 - ALMÁDENA - ODEÁXERE,EM SERVIÇO,102019,37.1171,-8.72823,602/242
821,,FARO,LAGOS,LUZ,RIBEIRAS DO ALGARVE,18.0,143690.0,14780.0,M2 - ALMÁDENA - ODEÁXERE,EM SERVIÇO,102061,37.09713,-8.76649,602/292
822,,FARO,LAGOS,BARÃO DE SÃO JOÃO,RIBEIRAS DO ALGARVE,57.46,143977.0,17113.0,M2 - ALMÁDENA - ODEÁXERE,EM RESERVA,102078,37.11817,-8.76344,602/311
823,LF 9,FARO,LAGOS,LUZ,RIBEIRAS DO ALGARVE,8.56,142640.0,14260.0,M2 - ALMÁDENA - ODEÁXERE,EM SERVIÇO,101841,37.09239,-8.77826,602/32
824,LF 10,FARO,LAGOS,LUZ,RIBEIRAS DO ALGARVE,9.16,142500.0,14270.0,M2 - ALMÁDENA - ODEÁXERE,EM RESERVA,101844,37.09247,-8.77984,602/36
825,JK 2,FARO,VILA DO BISPO,BUDENS,RIBEIRAS DO ALGARVE,30.0,141250.0,14100.0,M2 - ALMÁDENA - ODEÁXERE,ABANDONADO,109224,37.09086,-8.79389,602/360
826,,FARO,LAGOS,-,RIBEIRAS DO ALGARVE,9.16,150204.0,18077.0,M2 - ALMÁDENA - ODEÁXERE,,2046006,37.12721,-8.69344,602/424
827,,FARO,LAGOS,LUZ,RIBEIRAS DO ALGARVE,22.48,144316.0,14536.0,M2 - ALMÁDENA - ODEÁXERE,EM RESERVA,101850,37.09497,-8.75943,602/43
828,,FARO,LAGOS,-,RIBEIRAS DO ALGARVE,70.99,145363.0,19486.0,M2 - ALMÁDENA - ODEÁXERE,,2067850,37.13963,-8.74802,602/552
829,,FARO,LAGOS,-,RIBEIRAS DO ALGARVE,66.58,145390.0,19412.0,M2 - ALMÁDENA - ODEÁXERE,,2067970,37.13897,-8.74771,602/553
830,,FARO,LAGOS,LAGOS (SÃO SEBASTIÃO),RIBEIRAS DO ALGARVE,25.51,150780.0,15770.0,M0 - ORLA MERIDIONAL INDIFERENCIADO,EM SERVIÇO,101864,37.10645,-8.68681,602/58
831,,FARO,LAGOS,LUZ,RIBEIRAS DO ALGARVE,56.11,144700.0,12450.0,M0 - ORLA MERIDIONAL INDIFERENCIADO,EM SERVIÇO,101874,37.0762,-8.75496,602/70
832,,FARO,LAGOS,BENSAFRIM,RIBEIRAS DO ALGARVE,9.48,149254.0,19384.0,M2 - ALMÁDENA - ODEÁXERE,EM SERVIÇO,101879,37.13893,-8.70422,602/76
833,,FARO,VILA DO BISPO,BUDENS,RIBEIRAS DO ALGARVE,36.26,137872.0,12492.0,M0 - ORLA MERIDIONAL INDIFERENCIADO,EM RESERVA,101880,37.07615,-8.83174,602/77
834,,FARO,LAGOS,BARÃO DE SÃO JOÃO,RIBEIRAS DO ALGARVE,73.53,142100.0,18550.0,M0 - ORLA MERIDIONAL INDIFERENCIADO,EM SERVIÇO,101883,37.131,-8.78467,602/81
835,,FARO,LAGOS,LAGOS (SANTA MARIA),RIBEIRAS DO ALGARVE,82.0,149100.0,15200.0,M0 - ORLA MERIDIONAL INDIFERENCIADO,EM SERVIÇO,101895,37.10123,-8.70567,602/95
836,,FARO,PORTIMÃO,-,RIBEIRAS DO ALGARVE,18.39,160330.0,19930.0,M3 - MEXILHOEIRA GRANDE - PORTIMÃO,EM SERVIÇO,71835,37.14439,-8.5796,603/121
837,,FARO,PORTIMÃO,-,RIBEIRAS DO ALGARVE,21.63,160700.0,19461.0,M3 - MEXILHOEIRA GRANDE - PORTIMÃO,,2061890,37.14018,-8.57541,603/142
838,,FARO,PORTIMÃO,ALVOR,RIBEIRAS DO ALGARVE,30.0,160090.0,18230.0,M3 - MEXILHOEIRA GRANDE - PORTIMÃO,EM SERVIÇO,102127,37.12906,-8.58221,603/19
839,,FARO,PORTIMÃO,ALVOR,RIBEIRAS DO ALGARVE,36.0,161110.0,17650.0,M3 - MEXILHOEIRA GRANDE - PORTIMÃO,ABANDONADO,102132,37.12388,-8.5707,603/26
840,,FARO,LAGOS,LAGOS (SÃO SEBASTIÃO),RIBEIRAS DO ALGARVE,28.0,152350.0,19020.0,M2 - ALMÁDENA - ODEÁXERE,EM SERVIÇO,102141,37.13582,-8.66935,603/38
841,,FARO,LAGOA,FERRAGUDO,RIBEIRAS DO ALGARVE,70.0,167100.0,16000.0,M4 - FERRAGUDO - ALBUFEIRA,EM SERVIÇO,102144,37.10924,-8.50322,603/41
842,,FARO,LAGOA,FERRAGUDO,ARADE,33.02,167042.0,16718.0,M4 - FERRAGUDO - ALBUFEIRA,,2040922,37.11571,-8.50391,603/73
843,,FARO,LAGOA,CARVOEIRO,RIBEIRAS DO ALGARVE,25.0,170350.0,15000.0,M4 - FERRAGUDO - ALBUFEIRA,EM SERVIÇO,102233,37.10034,-8.46662,604/106
844,,FARO,LAGOA,ESTÔMBAR,ARADE,22.8,168430.0,19650.0,M4 - FERRAGUDO - ALBUFEIRA,EM SERVIÇO,102243,37.14218,-8.48842,604/118
845,,FARO,LAGOA,LAGOA,ARADE,38.2,172920.0,18320.0,M4 - FERRAGUDO - ALBUFEIRA,EM SERVIÇO,102249,37.13033,-8.43783,604/125
846,,FARO,SILVES,PÊRA,RIBEIRAS DO ALGARVE,7.07,181370.0,16770.0,M4 - FERRAGUDO - ALBUFEIRA,EM SERVIÇO,105177,37.11657,-8.3427,604/23
847,,FARO,LAGOA,-,ARADE,39.82,169195.0,18067.0,M4 - FERRAGUDO - ALBUFEIRA,EM RESERVA,71821,37.12794,-8.47974,604/322
848,,FARO,LAGOA,-,RIBEIRAS DO ALGARVE,74.88,174945.38,14929.78,M4 - FERRAGUDO - ALBUFEIRA,EM SERVIÇO,2053450,37.09984,-8.41493,604/492
849,JK 9,FARO,LAGOA,PORCHES,RIBEIRAS DO ALGARVE,45.5,176280.0,19443.0,M4 - FERRAGUDO - ALBUFEIRA,EM RESERVA,102197,37.14054,-8.40006,604/63
850,,FARO,LAGOA,PORCHES,RIBEIRAS DO ALGARVE,80.32,176720.0,19520.0,M4 - FERRAGUDO - ALBUFEIRA,EM RESERVA,102203,37.14125,-8.39511,604/70
851,,FARO,LAGOA,PORCHES,RIBEIRAS DO ALGARVE,73.84,175750.0,17800.0,M4 - FERRAGUDO - ALBUFEIRA,EM SERVIÇO,102206,37.12573,-8.40597,604/74
852,,FARO,LAGOA,LAGOA,RIBEIRAS DO ALGARVE,69.17,174850.0,15000.0,M4 - FERRAGUDO - ALBUFEIRA,EM SERVIÇO,102215,37.10047,-8.416,604/85
853,,FARO,LOULÉ,BOLIQUEIME,RIBEIRAS DO ALGARVE,31.29,198036.0,16692.0,M7 - QUARTEIRA,EM RESERVA,106273,37.11605,-8.15518,605/107
854,,FARO,LOULÉ,BOLIQUEIME,RIBEIRAS DO ALGARVE,38.0,198830.0,16850.0,M7 - QUARTEIRA,EM SERVIÇO,102357,37.11748,-8.14625,605/112
855,,FARO,LOULÉ,BOLIQUEIME,RIBEIRAS DO ALGARVE,24.0,197290.0,15810.0,M6 - ALBUFEIRA - RIBEIRA DE QUARTEIRA,EM SERVIÇO,102375,37.10811,-8.16357,605/134
856,,FARO,ALBUFEIRA,ALBUFEIRA,RIBEIRAS DO ALGARVE,46.08,195608.0,14370.0,M6 - ALBUFEIRA - RIBEIRA DE QUARTEIRA,EM SERVIÇO,102428,37.09512,-8.18249,605/200
857,,FARO,ALBUFEIRA,ALBUFEIRA,RIBEIRAS DO ALGARVE,46.99,193120.0,14530.0,M6 - ALBUFEIRA - RIBEIRA DE QUARTEIRA,EM SERVIÇO,102439,37.09655,-8.21047,605/212
858,,FARO,ALBUFEIRA,ALBUFEIRA,RIBEIRAS DO ALGARVE,19.66,185270.0,13559.0,M4 - FERRAGUDO - ALBUFEIRA,EM SERVIÇO,107419,37.08771,-8.29876,605/268
859,,FARO,LOULÉ,BOLIQUEIME,RIBEIRAS DO ALGARVE,44.21,199898.0,17173.0,M7 - QUARTEIRA,ABANDONADO,105216,37.12039,-8.13423,605/303
860,JCS 15,FARO,ALBUFEIRA,ALBUFEIRA,RIBEIRAS DO ALGARVE,9.22,197467.25,14250.0,M6 - ALBUFEIRA - RIBEIRA DE QUARTEIRA,EM RESERVA,102517,37.09405,-8.16157,605/314
861,,FARO,ALBUFEIRA,ALBUFEIRA,RIBEIRAS DO ALGARVE,68.84,194327.0,17427.0,M6 - ALBUFEIRA - RIBEIRA DE QUARTEIRA,ABANDONADO,102525,37.12266,-8.19692,605/324
862,,FARO,ALBUFEIRA,ALBUFEIRA,RIBEIRAS DO ALGARVE,66.2,189500.0,16500.0,M0 - ORLA MERIDIONAL INDIFERENCIADO,EM SERVIÇO,102527,37.11427,-8.25122,605/327
863,,FARO,ALBUFEIRA,-,RIBEIRAS DO ALGARVE,39.57,196243.0,14511.0,M6 - ALBUFEIRA - RIBEIRA DE QUARTEIRA,,71831,37.0964,-8.17535,605/345
864,,FARO,ALBUFEIRA,-,RIBEIRAS DO ALGARVE,96.08,193349.71,19814.99,M6 - ALBUFEIRA - RIBEIRA DE QUARTEIRA,,71838,37.14417,-8.20794,605/346
865,,FARO,ALBUFEIRA,GUIA,RIBEIRAS DO ALGARVE,22.39,184580.0,16270.0,M4 - FERRAGUDO - ALBUFEIRA,ABANDONADO,102297,37.11213,-8.30657,605/39
866,,FARO,ALBUFEIRA,ALBUFEIRA,RIBEIRAS DO ALGARVE,73.06,190420.0,17820.0,M0 - ORLA MERIDIONAL INDIFERENCIADO,EM SERVIÇO,102299,37.12617,-8.24089,605/42
867,,FARO,ALBUFEIRA,ALBUFEIRA,RIBEIRAS DO ALGARVE,47.63,188090.0,13850.0,M0 - ORLA MERIDIONAL INDIFERENCIADO,EM SERVIÇO,102300,37.09037,-8.26704,605/43
868,,FARO,ALBUFEIRA,ALBUFEIRA,RIBEIRAS DO ALGARVE,40.58,193162.98,14877.21,M6 - ALBUFEIRA - RIBEIRA DE QUARTEIRA,EM RESERVA,2040928,37.09968,-8.20999,605/431
869,,FARO,ALBUFEIRA,-,RIBEIRAS DO ALGARVE,64.68,192155.16,16113.41,M6 - ALBUFEIRA - RIBEIRA DE QUARTEIRA,ABANDONADO,2062490,37.11081,-8.22134,605/505
870,,FARO,ALBUFEIRA,ALBUFEIRA,RIBEIRAS DO ALGARVE,31.43,189210.0,15070.0,M0 - ORLA MERIDIONAL INDIFERENCIADO,EM SERVIÇO,105192,37.10138,-8.25446,605/56
871,,FARO,ALBUFEIRA,ALBUFEIRA,RIBEIRAS DO ALGARVE,51.4,195706.0,15830.0,M6 - ALBUFEIRA - RIBEIRA DE QUARTEIRA,EM SERVIÇO,102330,37.10828,-8.18139,605/78
872,AC 2,FARO,LOULÉ,ALMANSIL,RIBEIRAS DO ALGARVE,6.83,211317.0,10553.0,M12 - CAMPINA DE FARO,EM RESERVA,107724,37.06067,-8.00584,606/1026
873,,FARO,FARO,FARO (SÃO PEDRO),RIBEIRAS DO ALGARVE,16.02,215508.0,10749.0,M12 - CAMPINA DE FARO,EM SERVIÇO,107731,37.06238,-7.95872,606/1033
874,,FARO,FARO,SANTA BÁRBARA DE NEXE,RIBEIRAS DO ALGARVE,86.33,214750.0,14550.0,M9 - ALMANSIL - MEDRONHAL,EM RESERVA,107735,37.09664,-7.96717,606/1038
875,JK 5,FARO,LOULÉ,LOULÉ (SÃO SEBASTIÃO),RIBEIRAS DO ALGARVE,68.57,202650.0,18700.0,M7 - QUARTEIRA,EM SERVIÇO,107737,37.13415,-8.10326,606/104
876,,FARO,LOULÉ,ALMANSIL,RIBEIRAS DO ALGARVE,74.21,209684.0,14470.0,M9 - ALMANSIL - MEDRONHAL,EM SERVIÇO,107739,37.09599,-8.02415,606/1042
877,,FARO,LOULÉ,LOULÉ (SÃO SEBASTIÃO),RIBEIRAS DO ALGARVE,51.05,206868.0,15425.0,M7 - QUARTEIRA,EM SERVIÇO,107740,37.10462,-8.05582,606/1043
878,,FARO,LOULÉ,LOULÉ (SÃO SEBASTIÃO),RIBEIRAS DO ALGARVE,59.56,207274.0,17089.0,M7 - QUARTEIRA,EM SERVIÇO,107741,37.11961,-8.05124,606/1044
879,,FARO,LOULÉ,LOULÉ (SÃO SEBASTIÃO),RIBEIRAS DO ALGARVE,97.62,208268.0,18584.0,M7 - QUARTEIRA,EM SERVIÇO,109143,37.13307,-8.04004,606/1045
880,,FARO,LOULÉ,QUARTEIRA,RIBEIRAS DO ALGARVE,52.0,205300.0,15200.0,M7 - QUARTEIRA,EM SERVIÇO,107743,37.1026,-8.07346,606/1047
881,,FARO,LOULÉ,LOULÉ (SÃO SEBASTIÃO),RIBEIRAS DO ALGARVE,86.7,205850.0,19200.0,M7 - QUARTEIRA,EM RESERVA,107744,37.13864,-8.06724,606/1049
882,,FARO,LOULÉ,ALMANSIL,RIBEIRAS DO ALGARVE,57.11,212434.0,12477.0,M10 - S. JOÃO DA VENDA - QUELFES,EM RESERVA,107746,37.078,-7.99325,606/1050
883,,FARO,LOULÉ,ALMANSIL,RIBEIRAS DO ALGARVE,48.62,208180.0,12060.0,M12 - CAMPINA DE FARO,EM SERVIÇO,107753,37.07428,-8.0411,606/1057
884,,FARO,LOULÉ,-,RIBEIRAS DO ALGARVE,10.0,205650.0,10950.0,M12 - CAMPINA DE FARO,,2081930,37.0643,-8.06956,606/1092
885,FURO Nº1,FARO,LOULÉ,-,RIBEIRAS DO ALGARVE,23.44,204122.0,12947.0,M7 - QUARTEIRA,EM RESERVA,71823,37.0823,-8.08673,606/1101
886,,FARO,LOULÉ,QUARTEIRA,RIBEIRAS DO ALGARVE,5.54,205022.47,10524.03,M12 - CAMPINA DE FARO,EM RESERVA,2047288,37.06047,-8.07662,606/1118
887,,FARO,LOULÉ,-,RIBEIRAS DO ALGARVE,40.11,207835.0,10082.0,M12 - CAMPINA DE FARO,ENTULHADO,71842,37.05646,-8.045,606/1122
888,,FARO,FARO,-,RIBEIRAS DO ALGARVE,29.58,212192.88,11681.24,M12 - CAMPINA DE FARO,EM RESERVA,2046000,37.07083,-7.99598,606/1461
889,21 SH,FARO,LOULÉ,QUARTEIRA,RIBEIRAS DO ALGARVE,53.0,204310.0,14900.0,M7 - QUARTEIRA,ABANDONADO,107816,37.0999,-8.0846,606/159
890,,FARO,LOULÉ,-,RIBEIRAS DO ALGARVE,36.31,201838.48,16202.89,M7 - QUARTEIRA,EM RESERVA,2062930,37.11165,-8.1124,606/1623
891,,FARO,LOULÉ,-,RIBEIRAS DO ALGARVE,5.59,200509.0,12957.0,M7 - QUARTEIRA,,2062970,37.0824,-8.12736,606/1624
892,,FARO,LOULÉ,-,RIBEIRAS DO ALGARVE,5.59,200511.0,12959.0,M7 - QUARTEIRA,,2063050,37.08242,-8.12734,606/1625
893,,FARO,LOULÉ,-,RIBEIRAS DO ALGARVE,40.0,207817.0,10078.0,M12 - CAMPINA DE FARO,,2077730,37.05643,-8.0452,606/1639
894,29 SH,FARO,LOULÉ,ALMANSIL,RIBEIRAS DO ALGARVE,28.0,211190.0,11830.0,M12 - CAMPINA DE FARO,ABANDONADO,107825,37.07218,-8.00725,606/167
895,AC 1,FARO,LOULÉ,QUARTEIRA,RIBEIRAS DO ALGARVE,27.38,205238.0,12380.0,M7 - QUARTEIRA,EM RESERVA,107878,37.07719,-8.07418,606/217
896,,FARO,LOULÉ,ALMANSIL,RIBEIRAS DO ALGARVE,52.46,213553.0,13922.0,M9 - ALMANSIL - MEDRONHAL,ABANDONADO,107987,37.091,-7.98064,606/319
897,JK 5,FARO,LOULÉ,ALMANSIL,RIBEIRAS DO ALGARVE,27.47,207250.0,11000.0,M12 - CAMPINA DE FARO,EM SERVIÇO,106626,37.06474,-8.05157,606/647
898,,FARO,LOULÉ,QUARTEIRA,RIBEIRAS DO ALGARVE,40.09,202792.53,13482.23,M7 - QUARTEIRA,EM RESERVA,108626,37.08713,-8.10168,606/953
899,JK 2,FARO,LOULÉ,QUARTEIRA,RIBEIRAS DO ALGARVE,22.26,201300.0,15900.0,M7 - QUARTEIRA,EM SERVIÇO,108644,37.10892,-8.11846,606/971
900,,FARO,LOULÉ,BOLIQUEIME,RIBEIRAS DO ALGARVE,67.1,201024.0,18635.0,M7 - QUARTEIRA,EM RESERVA,109178,37.13356,-8.12156,606/979
901,JK 10,FARO,FARO,SANTA BÁRBARA DE NEXE,RIBEIRAS DO ALGARVE,82.79,215570.0,13770.0,M9 - ALMANSIL - MEDRONHAL,EM RESERVA,108656,37.0896,-7.95796,606/985
902,,FARO,FARO,ESTOI,RIBEIRAS DO ALGARVE,48.0,222800.0,11900.0,M10 - S. JOÃO DA VENDA - QUELFES,EM SERVIÇO,108882,37.0726,-7.8767,607/217
903,,FARO,FARO,SANTA BÁRBARA DE NEXE,RIBEIRAS DO ALGARVE,45.1,216100.0,12300.0,M9 - ALMANSIL - MEDRONHAL,EM SERVIÇO,108695,37.07634,-7.95203,607/25
904,,FARO,FARO,ESTOI,RIBEIRAS DO ALGARVE,90.0,223300.0,13100.0,M10 - S. JOÃO DA VENDA - QUELFES,EM SERVIÇO,108924,37.0834,-7.87104,607/259
905,,FARO,FARO,ESTOI,RIBEIRAS DO ALGARVE,72.94,224384.12,12245.19,M10 - S. JOÃO DA VENDA - QUELFES,EM SERVIÇO,108942,37.07567,-7.85887,607/278
906,,FARO,OLHÃO,MONCARAPACHO,RIBEIRAS DO ALGARVE,55.0,230650.0,11590.0,M10 - S. JOÃO DA VENDA - QUELFES,EM SERVIÇO,108978,37.06959,-7.78844,607/319
907,,FARO,OLHÃO,-,RIBEIRAS DO ALGARVE,133.88,230119.0,19606.0,M13 - PERAL - MONCARAPACHO,EM RESERVA,109033,37.14183,-7.79409,607/378
908,,FARO,OLHÃO,-,RIBEIRAS DO ALGARVE,219.05,225838.0,17253.0,M0 - ORLA MERIDIONAL INDIFERENCIADO,EM RESERVA,109039,37.12076,-7.84235,607/390
909,,FARO,FARO,SANTA BÁRBARA DE NEXE,RIBEIRAS DO ALGARVE,88.73,217030.0,14180.0,M9 - ALMANSIL - MEDRONHAL,EM SERVIÇO,108710,37.09327,-7.94153,607/41
910,,FARO,FARO,SANTA BÁRBARA DE NEXE,RIBEIRAS DO ALGARVE,268.0,216850.0,17200.0,M0 - ORLA MERIDIONAL INDIFERENCIADO,EM SERVIÇO,109067,37.12048,-7.94349,607/419
911,,FARO,OLHÃO,MONCARAPACHO,RIBEIRAS DO ALGARVE,114.9,229686.0,16650.0,M13 - PERAL - MONCARAPACHO,ABANDONADO,109097,37.11521,-7.79908,607/451
912,,FARO,FARO,ESTOI,RIBEIRAS DO ALGARVE,42.0,218020.0,12450.0,M9 - ALMANSIL - MEDRONHAL,EM SERVIÇO,109109,37.07766,-7.93044,607/467
913,,FARO,FARO,ESTOI,RIBEIRAS DO ALGARVE,76.81,224350.0,12560.0,M10 - S. JOÃO DA VENDA - QUELFES,EM SERVIÇO,109115,37.07851,-7.85925,607/476
914,,FARO,OLHÃO,MONCARAPACHO,RIBEIRAS DO ALGARVE,34.98,230144.0,10820.0,M10 - S. JOÃO DA VENDA - QUELFES,ABANDONADO,109119,37.06266,-7.79416,607/484
915,,FARO,OLHÃO,MONCARAPACHO,RIBEIRAS DO ALGARVE,49.25,229600.0,12400.0,M10 - S. JOÃO DA VENDA - QUELFES,EM SERVIÇO,109120,37.07692,-7.80021,607/485
916,,FARO,OLHÃO,MONCARAPACHO,RIBEIRAS DO ALGARVE,70.39,231656.0,15272.0,M13 - PERAL - MONCARAPACHO,EM SERVIÇO,109121,37.10273,-7.77697,607/486
917,,FARO,OLHÃO,MONCARAPACHO,RIBEIRAS DO ALGARVE,136.3,228600.0,15950.0,M13 - PERAL - MONCARAPACHO,EM SERVIÇO,109123,37.10894,-7.81132,607/488
918,,FARO,OLHÃO,MONCARAPACHO,RIBEIRAS DO ALGARVE,138.06,228400.0,17700.0,M13 - PERAL - MONCARAPACHO,EM SERVIÇO,109209,37.12471,-7.81351,607/489
919,,FARO,SÃO BRÁS DE ALPORTEL,SÃO BRÁS DE ALPORTEL,RIBEIRAS DO ALGARVE,161.26,227227.0,18111.0,M13 - PERAL - MONCARAPACHO,EM SERVIÇO,109124,37.12845,-7.82669,607/492
920,,FARO,OLHÃO,PECHÃO,RIBEIRAS DO ALGARVE,42.68,223148.0,10786.0,M10 - S. JOÃO DA VENDA - QUELFES,EM SERVIÇO,109125,37.06256,-7.87282,607/493
921,JCS 3,FARO,FARO,CONCEIÇÃO,RIBEIRAS DO ALGARVE,58.77,220380.0,11750.0,M10 - S. JOÃO DA VENDA - QUELFES,EM SERVIÇO,109239,37.07131,-7.90391,607/497
922,,FARO,FARO,CONCEIÇÃO,RIBEIRAS DO ALGARVE,25.0,216680.0,10550.0,M12 - CAMPINA DE FARO,EM SERVIÇO,109128,37.06057,-7.94555,607/498
923,,FARO,OLHÃO,-,RIBEIRAS DO ALGARVE,42.51,226756.0,11478.0,M10 - S. JOÃO DA VENDA - QUELFES,EM RESERVA,71846,37.0687,-7.83223,607/564
924,JK 5,FARO,FARO,ESTOI,RIBEIRAS DO ALGARVE,40.16,218318.0,12437.0,M10 - S. JOÃO DA VENDA - QUELFES,EM RESERVA,108743,37.07754,-7.92708,607/74
925,,FARO,OLHÃO,-,RIBEIRAS DO ALGARVE,54.89,224477.81,10095.46,M10 - S. JOÃO DA VENDA - QUELFES,EM RESERVA,2063170,37.0563,-7.85789,607/867
926,,FARO,OLHÃO,-,RIBEIRAS DO ALGARVE,115.0,229647.0,16824.0,M13 - PERAL - MONCARAPACHO,,2081458,37.11678,-7.79951,607/874
927,,FARO,FARO,ESTOI,RIBEIRAS DO ALGARVE,51.61,219310.0,13481.0,M10 - S. JOÃO DA VENDA - QUELFES,EM SERVIÇO,108762,37.08693,-7.9159,607/93
928,,FARO,TAVIRA,LUZ,RIBEIRAS DO ALGARVE,39.18,237024.0,15447.0,M15 - LUZ - TAVIRA,EM SERVIÇO,106827,37.10411,-7.71658,608/143
929,,FARO,TAVIRA,LUZ,RIBEIRAS DO ALGARVE,15.0,236150.0,13200.0,M10 - S. JOÃO DA VENDA - QUELFES,EM SERVIÇO,106784,37.0839,-7.72652,608/266
930,,FARO,TAVIRA,LUZ,RIBEIRAS DO ALGARVE,14.0,236950.0,12050.0,M0 - ORLA MERIDIONAL INDIFERENCIADO,EM SERVIÇO,106821,37.0735,-7.71758,608/268
931,,FARO,OLHÃO,MONCARAPACHO,RIBEIRAS DO ALGARVE,11.08,233865.0,12108.0,M10 - S. JOÃO DA VENDA - QUELFES,EM SERVIÇO,106718,37.07414,-7.75226,608/286
932,JK 4,FARO,TAVIRA,TAVIRA (SANTIAGO),RIBEIRAS DO ALGARVE,44.95,240886.0,17515.0,M15 - LUZ - TAVIRA,ABANDONADO,106627,37.12258,-7.67302,608/29
933,,FARO,OLHÃO,MONCARAPACHO,RIBEIRAS DO ALGARVE,37.0,232250.0,13310.0,M10 - S. JOÃO DA VENDA - QUELFES,EM SERVIÇO,106645,37.08503,-7.77037,608/296
934,TV 3,FARO,TAVIRA,SANTO ESTÊVÃO,RIBEIRAS DO ALGARVE,95.9,238650.0,18800.0,M14 - MALHÃO,EM SERVIÇO,106915,37.13425,-7.69811,608/365
935,TV 5,FARO,TAVIRA,SANTO ESTÊVÃO,RIBEIRAS DO ALGARVE,95.16,238661.29,18870.63,M14 - MALHÃO,EM SERVIÇO,107484,37.13489,-7.69798,608/367
936,1 AH,FARO,TAVIRA,SANTO ESTÊVÃO,RIBEIRAS DO ALGARVE,86.32,238726.0,19654.0,M14 - MALHÃO,EM SERVIÇO,107485,37.14195,-7.69721,608/375
937,,FARO,TAVIRA,SANTO ESTÊVÃO,RIBEIRAS DO ALGARVE,53.0,235780.0,18420.0,M14 - MALHÃO,EM SERVIÇO,106771,37.13094,-7.73043,608/433
938,,FARO,TAVIRA,SANTO ESTÊVÃO,RIBEIRAS DO ALGARVE,114.0,236570.0,18350.0,M14 - MALHÃO,EM SERVIÇO,106806,37.13028,-7.72154,608/437
939,,FARO,TAVIRA,LUZ,RIBEIRAS DO ALGARVE,48.64,234181.0,15755.0,M15 - LUZ - TAVIRA,EM SERVIÇO,106726,37.10699,-7.74854,608/454
940,,FARO,TAVIRA,LUZ,RIBEIRAS DO ALGARVE,41.22,237480.0,15600.0,M15 - LUZ - TAVIRA,EM SERVIÇO,106849,37.10547,-7.71144,608/462
941,,FARO,OLHÃO,MONCARAPACHO,RIBEIRAS DO ALGARVE,17.42,233850.0,12600.0,M10 - S. JOÃO DA VENDA - QUELFES,EM SERVIÇO,106717,37.07858,-7.75241,608/465
942,,FARO,TAVIRA,LUZ,RIBEIRAS DO ALGARVE,26.39,235400.0,13400.0,M10 - S. JOÃO DA VENDA - QUELFES,EM SERVIÇO,106760,37.08573,-7.73494,608/466
943,,FARO,OLHÃO,MONCARAPACHO,RIBEIRAS DO ALGARVE,73.65,233050.0,16810.0,M13 - PERAL - MONCARAPACHO,EM SERVIÇO,106681,37.11654,-7.76122,608/467
944,,FARO,TAVIRA,SANTO ESTÊVÃO,RIBEIRAS DO ALGARVE,113.28,233200.0,18000.0,M0 - ORLA MERIDIONAL INDIFERENCIADO,EM SERVIÇO,106689,37.12726,-7.75948,608/468
945,2 RN/90,FARO,TAVIRA,LUZ,RIBEIRAS DO ALGARVE,39.84,237570.0,14460.0,M15 - LUZ - TAVIRA,EM SERVIÇO,106853,37.09519,-7.71048,608/470
946,2 ARN/90,FARO,TAVIRA,LUZ,RIBEIRAS DO ALGARVE,40.48,237650.0,14450.0,M15 - LUZ - TAVIRA,EM SERVIÇO,106857,37.0951,-7.70958,608/471
947,3 RN/90,FARO,TAVIRA,LUZ,RIBEIRAS DO ALGARVE,26.57,234990.0,12940.0,M10 - S. JOÃO DA VENDA - QUELFES,EM SERVIÇO,107452,37.0816,-7.73957,608/472
948,1 RN/90,FARO,TAVIRA,SANTA LUZIA,RIBEIRAS DO ALGARVE,28.5,240145.0,14845.0,M15 - LUZ - TAVIRA,ENTULHADO,106969,37.09856,-7.6815,608/473
949,JK 1,FARO,TAVIRA,TAVIRA (SANTIAGO),RIBEIRAS DO ALGARVE,54.0,239400.0,17300.0,M15 - LUZ - TAVIRA,ABANDONADO,107685,37.12071,-7.68975,608/488
950,,FARO,TAVIRA,LUZ,RIBEIRAS DO ALGARVE,27.66,238584.92,13869.31,M15 - LUZ - TAVIRA,,2064290,37.08983,-7.6991,608/580
951,,FARO,TAVIRA,LUZ,RIBEIRAS DO ALGARVE,27.52,238608.5,13849.38,M15 - LUZ - TAVIRA,,2064410,37.08965,-7.69883,608/581
952,,FARO,TAVIRA,-,RIBEIRAS DO ALGARVE,15.84,241521.82,15830.22,M15 - LUZ - TAVIRA,,2064530,37.10737,-7.66596,608/582
953,,FARO,TAVIRA,-,RIBEIRAS DO ALGARVE,13.04,241519.17,15837.28,M15 - LUZ - TAVIRA,,2064650,37.10744,-7.66599,608/583
954,,FARO,VILA DO BISPO,SAGRES,RIBEIRAS DO ALGARVE,57.23,128080.0,9250.0,M1 - COVÕES,EM SERVIÇO,107043,37.04624,-8.94154,609/7
955,,FARO,LOULÉ,ALMANSIL,RIBEIRAS DO ALGARVE,4.13,211481.0,9933.0,M12 - CAMPINA DE FARO,ABANDONADO,107077,37.05508,-8.00401,610/167
956,AC 01,FARO,LOULÉ,ALMANSIL,RIBEIRAS DO ALGARVE,3.04,210994.0,8566.0,M12 - CAMPINA DE FARO,EM SERVIÇO,107073,37.04277,-8.0095,610/179
957,AC 02,FARO,LOULÉ,ALMANSIL,RIBEIRAS DO ALGARVE,3.05,210993.0,8560.0,M12 - CAMPINA DE FARO,EM SERVIÇO,107074,37.04272,-8.00952,610/180
958,11 AH,FARO,FARO,-,RIBEIRAS DO ALGARVE,16.24,213950.0,8640.0,M12 - CAMPINA DE FARO,EM SERVIÇO,107098,37.0434,-7.97628,610/182
959,10 AH,FARO,FARO,-,RIBEIRAS DO ALGARVE,13.72,214010.0,8419.0,M12 - CAMPINA DE FARO,EM SERVIÇO,107099,37.04141,-7.97561,610/183
960,S 16,FARO,LOULÉ,ALMANSIL,RIBEIRAS DO ALGARVE,14.47,209200.0,9150.0,M12 - CAMPINA DE FARO,EM SERVIÇO,107066,37.04805,-8.02966,610/186
961,,FARO,LOULÉ,-,RIBEIRAS DO ALGARVE,24.11,210085.0,7761.0,M12 - CAMPINA DE FARO,ABANDONADO,71844,37.03553,-8.01973,610/213
962,,FARO,FARO,-,RIBEIRAS DO ALGARVE,13.03,214580.0,6400.0,M12 - CAMPINA DE FARO,EM SERVIÇO,107119,37.02321,-7.96924,610/6
963,,FARO,FARO,-,RIBEIRAS DO ALGARVE,12.0,214120.0,5950.0,M12 - CAMPINA DE FARO,EM SERVIÇO,107519,37.01916,-7.97442,610/65
964,SH F 14,FARO,FARO,FARO (SÃO PEDRO),RIBEIRAS DO ALGARVE,5.91,216820.0,7820.0,M12 - CAMPINA DE FARO,EM SERVIÇO,106628,37.03596,-7.94403,611/115
965,,FARO,FARO,CONCEIÇÃO,RIBEIRAS DO ALGARVE,13.0,218140.0,8160.0,M12 - CAMPINA DE FARO,EM SERVIÇO,107259,37.039,-7.92919,611/155
966,,FARO,FARO,FARO (SÉ),RIBEIRAS DO ALGARVE,7.72,219720.0,6910.0,M12 - CAMPINA DE FARO,EM SERVIÇO,107557,37.02771,-7.91146,611/182
967,,FARO,FARO,CONCEIÇÃO,RIBEIRAS DO ALGARVE,11.93,218303.0,8224.0,M12 - CAMPINA DE FARO,EM SERVIÇO,107260,37.03958,-7.92736,611/200
968,,FARO,FARO,FARO (SÉ),RIBEIRAS DO ALGARVE,13.0,219005.0,8405.0,M12 - CAMPINA DE FARO,EM SERVIÇO,107272,37.04119,-7.91946,611/202
969,,FARO,FARO,FARO (SÃO PEDRO),RIBEIRAS DO ALGARVE,15.51,216780.0,9578.0,M12 - CAMPINA DE FARO,EM SERVIÇO,107233,37.05181,-7.94444,611/209
970,,FARO,FARO,FARO (SÉ),RIBEIRAS DO ALGARVE,17.93,220750.0,7670.0,M12 - CAMPINA DE FARO,EM SERVIÇO,107560,37.03453,-7.89987,611/217
971,,FARO,FARO,FARO (SÃO PEDRO),RIBEIRAS DO ALGARVE,12.68,216457.0,9264.0,M12 - CAMPINA DE FARO,EM SERVIÇO,107219,37.04898,-7.94808,611/230
972,,FARO,OLHÃO,PECHÃO,RIBEIRAS DO ALGARVE,42.3,223796.0,9385.0,M11 - CHÃO DE CEVADA - QUINTA JOÃO DE OURÉM,EM SERVIÇO,107583,37.04992,-7.86558,611/231
973,,FARO,FARO,FARO (SÃO PEDRO),RIBEIRAS DO ALGARVE,19.46,217827.0,9805.0,M12 - CAMPINA DE FARO,EM SERVIÇO,107252,37.05383,-7.93267,611/233
974,,FARO,FARO,FARO (SÃO PEDRO),RIBEIRAS DO ALGARVE,19.4,217828.0,9794.0,M12 - CAMPINA DE FARO,EM SERVIÇO,107251,37.05373,-7.93266,611/234
975,,FARO,FARO,FARO (SÃO PEDRO),RIBEIRAS DO ALGARVE,10.36,217080.0,7692.0,M12 - CAMPINA DE FARO,EM SERVIÇO,107240,37.03481,-7.94111,611/236
976,,FARO,FARO,FARO (SÃO PEDRO),RIBEIRAS DO ALGARVE,10.19,217096.0,7688.0,M12 - CAMPINA DE FARO,EM SERVIÇO,107550,37.03477,-7.94093,611/237
977,,FARO,FARO,CONCEIÇÃO,RIBEIRAS DO ALGARVE,40.27,221810.0,9400.0,M10 - S. JOÃO DA VENDA - QUELFES,EM SERVIÇO,107307,37.0501,-7.8879,611/238
978,,FARO,OLHÃO,MONCARAPACHO,RIBEIRAS DO ALGARVE,7.75,231719.75,8973.37,M10 - S. JOÃO DA VENDA - QUELFES,ABANDONADO,107582,37.04597,-7.77652,611/4
979,,FARO,OLHÃO,PECHÃO,RIBEIRAS DO ALGARVE,38.0,225150.0,9120.0,M10 - S. JOÃO DA VENDA - QUELFES,EM SERVIÇO,107344,37.04749,-7.85036,611/77
980,,FARO,OLHÃO,PECHÃO,RIBEIRAS DO ALGARVE,15.5,224816.0,7602.0,M12 - CAMPINA DE FARO,EM SERVIÇO,107340,37.03382,-7.85417,611/91
981,JK 6/TD 1,FARO,OLHÃO,PECHÃO,RIBEIRAS DO ALGARVE,24.89,224800.0,8728.0,M11 - CHÃO DE CEVADA - QUINTA JOÃO DE OURÉM,ABANDONADO,107341,37.04397,-7.85431,611/94
